source,model,status,selected_by_validation,validation_rows,validation_labeled_rows,validation_recall,validation_precision,validation_fpr,validation_average_precision,validation_roc_auc,validation_flag_rate,validation_tp,validation_fp,validation_fn,validation_tn,test_rows,test_labeled_rows,test_recall,test_precision,test_fpr,test_average_precision,test_roc_auc,test_flag_rate,test_tp,test_fp,test_fn,test_tn,fit_rows,fit_seconds,calibration_seconds,validation_seconds,test_seconds,test_ms_per_row,reason
Crypto_desktop,standard-distance-v2,EVALUATED,False,35219,35219,0.0,0.0,0.011393890813317683,0.007039275048081763,0.45117323556916966,0.01130071836224765,0,398,288,34533,20702,20702,0.0,0.0,0.019895899207082745,0.0053953900232293,0.39283573176684505,0.019756545261327408,0,409,145,20148,69469,2.1660016500391066e-06,0.002260332999867387,0.003149250005662907,0.0020818330012843944,0.0001005619264459663,
Crypto_desktop,if-t100-s512-seed42,EVALUATED,False,35219,35219,0.0,0.0,0.006527153531247316,0.006993213026727246,0.46226653378565363,0.006473778358272523,0,228,288,34703,20702,20702,0.0,0.0,0.013134212190494722,0.005868525786639888,0.4565537705924486,0.013042218143174572,0,270,145,20287,69469,0.14193049999448704,0.043660374998580664,0.07079895800416125,0.06886374999885447,0.003326429813489251,
Crypto_desktop,if-t100-s512-seed2026,EVALUATED,False,35219,35219,0.0,0.0,0.006727548595803155,0.007214856268757626,0.4743701074181163,0.006672534711377381,0,235,288,34696,20702,20702,0.0,0.0,0.011674855280439753,0.005660452954282871,0.43795653129314116,0.011593082793932953,0,240,145,20317,69469,0.1414026249985909,0.04922791699937079,0.11637854199943831,0.04997941599867772,0.002414231281937867,
Crypto_desktop,if-t200-s2048-seed42,EVALUATED,False,35219,35219,0.0,0.0,0.008330709112249864,0.007051158446262277,0.4614140098416243,0.008262585536216246,0,291,288,34640,20702,20702,0.0,0.0,0.016490733083621152,0.005602789428849206,0.43464915885687067,0.016375229446430297,0,339,145,20218,69469,0.27887770799861755,0.08503970900346758,0.13201329200092005,0.09843316699698335,0.0047547660611044025,
Crypto_desktop,if-t200-s2048-seed2026,EVALUATED,False,35219,35219,0.0,0.0,0.007586384586756749,0.007129816827284526,0.46571808032661216,0.0075243476532553455,0,265,288,34666,20702,20702,0.0,0.0,0.016150216471274993,0.005698867918829835,0.44389141713620495,0.016037097864940585,0,332,145,20225,69469,0.2700581669996609,0.08085225000104401,0.15016362500318792,0.0936522080010036,0.004523824171626104,
Crypto_desktop,sgdocsvm-linear-v2,EVALUATED,False,35219,35219,0.010416666666666666,0.010526315789473684,0.008073058314963785,0.008257046948336077,0.5131506279045356,0.008092222947840655,3,282,285,34649,20702,20702,0.0,0.0,0.01639344262295082,0.006377098905430298,0.4868052328848467,0.01627862042314752,0,337,145,20220,69469,0.024300999997649342,0.002370499998505693,0.0034698329982347786,0.003438749998167623,0.00016610713931830852,
Crypto_desktop,sgdocsvm-rbf64-v2,EVALUATED,False,35219,35219,0.0,0.0,0.009361312301394177,0.007008024387722999,0.45368955544104406,0.009284761066469803,0,327,288,34604,20702,20702,0.0,0.0,0.01293963126915406,0.005191102407819231,0.36854968439310043,0.012849000096609024,0,266,145,20291,69469,0.05748587500420399,0.005496917001437396,0.008019542001420632,0.0067521250020945445,0.0003261581007677782,
Crypto_desktop,kmeans32-v2,EVALUATED,False,35219,35219,0.0,0.0,0.007643640319486988,0.00723785359070523,0.46622637405806366,0.007581135182713876,0,267,288,34664,20702,20702,0.0,0.0,0.01717176630831347,0.006526362146338987,0.5111540158315064,0.01705149260940972,0,353,145,20204,69469,0.08759504200133961,0.0055550420001964085,0.00813262500014389,0.007805000001098961,0.00037701671341411265,
Crypto_desktop,kmeans128-v2,EVALUATED,False,35219,35219,0.017361111111111112,0.013262599469496022,0.010649566287824569,0.007250066596692934,0.4627797976327936,0.010704449302933076,5,372,283,34559,20702,20702,0.0,0.0,0.02276596779685752,0.006544468413678989,0.5124409337871318,0.022606511448169258,0,468,145,20089,69469,0.29627362500468735,0.014998041995568201,0.03576120800425997,0.009263250001822598,0.0004474567675501207,
Crypto_desktop,hgb100-leaf15-v2,EVALUATED,False,35219,35219,0.024305555555555556,0.017902813299232736,0.010993100684206007,0.012261100637928627,0.6147516214505422,0.011101962009142792,7,384,281,34547,20702,20702,0.06896551724137931,0.04716981132075472,0.009826336527703459,0.02559817299090842,0.7917475882868995,0.010240556467974109,10,202,135,20355,70043,0.934822000002896,0.04147124999872176,0.07570495900290553,0.03719687499688007,0.0017967768813100216,
Crypto_desktop,hgb200-leaf31-v2,EVALUATED,True,35219,35219,0.03819444444444445,0.02806122448979592,0.010907217085110646,0.012247740230254845,0.6064497390092849,0.011130355773872058,11,381,277,34550,20702,20702,0.04827586206896552,0.03664921465968586,0.008950722381670478,0.018197262898093206,0.7568263516244991,0.009226161723504975,7,184,138,20373,70043,1.4739737089985283,0.10227704200224252,0.17735041600099066,0.10210979200201109,0.004932363636460781,
Crypto_desktop,rf100-depth12-v2,EVALUATED,False,35219,35219,0.020833333333333332,0.013452914798206279,0.012596261200652716,0.009955062161149176,0.5714249858451106,0.012663619069252393,6,440,282,34491,20702,20702,0.0,0.0,0.008999367612005644,0.015204540119293784,0.7367164134039417,0.008936334653656652,0,185,145,20372,70043,1.9756634169971221,0.07149208299961174,0.13575454099918716,0.09033916599582881,0.004363789295518733,
Crypto_desktop,lof20-full-v2,EVALUATED,False,35219,35219,0.020833333333333332,0.01812688821752266,0.009304056568663937,0.008859537919596748,0.5232340980154527,0.009398336125386864,6,325,282,34606,20702,20702,0.0,0.0,0.008318334387313324,0.007394622525852863,0.5122829206596293,0.008260071490677229,0,171,145,20386,69469,5.451647375004541,1.9089074160001474,2.7832270420040004,1.6885492080036784,0.08156454487506899,
Crypto_desktop,lof50-full-v2,EVALUATED,False,35219,35219,0.017361111111111112,0.01694915254237288,0.008302081245884744,0.009107309098148855,0.531462323342208,0.00837616059513331,5,290,283,34641,20702,20702,0.0,0.0,0.007491365471615508,0.006794648969424853,0.5030007397429854,0.007438894792773645,0,154,145,20403,69469,5.9047149589969194,2.0524434160033707,2.9963191659990116,1.776454165999894,0.08581075094193286,
Crypto_smartphone,standard-distance-v2,EVALUATED,False,37485,37485,0.054945054945054944,0.017006802721088437,0.007728512595603572,0.014215070428805505,0.6213318291058035,0.00784313725490196,5,289,86,37105,20011,20011,0.0,0.0,0.011623246492985972,0.0038941603745569387,0.5574010766631302,0.011593623507071112,0,232,51,19728,88781,3.2079988159239292e-06,0.0014777090036659501,0.003453292003541719,0.0019573329991544597,9.781285288863423e-05,
Crypto_smartphone,if-t100-s512-seed42,EVALUATED,False,37485,37485,0.0,0.0,0.006177461624859603,0.003196100333722176,0.5953571619587559,0.0061624649859943975,0,231,91,37163,20011,20011,0.0,0.0,0.00876753507014028,0.003489828654043583,0.5712071201225982,0.00874519014542002,0,175,51,19785,88781,0.14587975000176812,0.029330000004847534,0.0734320419942378,0.040764000004855916,0.0020370796064592433,
Crypto_smartphone,if-t100-s512-seed2026,EVALUATED,False,37485,37485,0.0,0.0,0.006578595496603733,0.002899679514481273,0.5692351185211002,0.006562625050020008,0,246,91,37148,20011,20011,0.0,0.0,0.01032064128256513,0.0030475426712210773,0.550876753507014,0.01029433811403728,0,206,51,19754,88781,0.1393289170009666,0.031717541998659726,0.0721602920020814,0.034152666994486935,0.0017066946676571354,
Crypto_smartphone,if-t200-s2048-seed42,EVALUATED,False,37485,37485,0.0,0.0,0.005535647430068995,0.003581233842927227,0.588850417913904,0.005522208883553421,0,207,91,37187,20011,20011,0.0,0.0,0.007865731462925851,0.0032984891894139654,0.5631861762741168,0.007845684873319674,0,157,51,19803,88781,0.3279037500033155,0.05891424999572337,0.13990337499853922,0.0741677920013899,0.0037063511069606665,
Crypto_smartphone,if-t200-s2048-seed2026,EVALUATED,False,37485,37485,0.0,0.0,0.00636465743167353,0.003186253395998265,0.5681273719060529,0.006349206349206349,0,238,91,37156,20011,20011,0.0,0.0,0.010420841683366733,0.0029734317848173182,0.5456545443828835,0.010394283144270652,0,208,51,19752,88781,0.3209220830030972,0.05570412499946542,0.1426342919949093,0.07015308299742173,0.003505726000570773,
Crypto_smartphone,sgdocsvm-linear-v2,EVALUATED,False,37485,37485,0.01098901098901099,0.002898550724637681,0.009199336791998716,0.003770757085882073,0.5049699458160708,0.009203681472589036,1,344,90,37050,20011,20011,0.0,0.0,0.00871743486973948,0.002634465966237858,0.45843255137726435,0.008695217630303334,0,174,51,19786,88781,0.03043904199876124,0.001836333001847379,0.0036561250017257407,0.002313333003257867,0.00011560306847523197,
Crypto_smartphone,sgdocsvm-rbf64-v2,EVALUATED,False,37485,37485,0.0,0.0,0.00866449162967321,0.003117590316861845,0.5719866323973936,0.008643457382953182,0,324,91,37070,20011,20011,0.0,0.0,0.012124248496993988,0.0027378809466415766,0.5248850642461393,0.01209334865823797,0,242,51,19718,88781,0.07172391699714353,0.0033327499986626208,0.008377292004297487,0.0053560000014840625,0.0002676527910391316,
Crypto_smartphone,kmeans32-v2,EVALUATED,False,37485,37485,0.054945054945054944,0.019157088122605363,0.0068460180777664865,0.006288606781721037,0.629294703798635,0.006962785114045618,5,256,86,37138,20011,20011,0.0196078431372549,0.005747126436781609,0.008667334669338677,0.004054205304617485,0.5573126645447758,0.008695217630303334,1,173,50,19787,88781,0.09602458299923455,0.0036976670016883872,0.008900624998204876,0.0054963750008028,0.00027466768281459195,
Crypto_smartphone,kmeans128-v2,EVALUATED,False,37485,37485,0.054945054945054944,0.0205761316872428,0.00636465743167353,0.006959177391437347,0.6315354699320042,0.006482593037214886,5,238,86,37156,20011,20011,0.0,0.0,0.008817635270541082,0.00312525478425514,0.5597489095838737,0.008795162660536706,0,176,51,19784,88781,0.30276649999723304,0.006358207996527199,0.0158362920046784,0.008702917002665345,0.000434906651474956,
Crypto_smartphone,hgb100-leaf15-v2,EVALUATED,True,37485,37485,0.15384615384615385,0.029787234042553193,0.012194469701021554,0.014100793950987326,0.676911057600473,0.012538348672802454,14,456,77,36938,20011,20011,0.0,0.0,0.010470941883767536,0.0032977165616402313,0.5902633698770089,0.010444255659387338,0,209,51,19751,89388,0.7287175419987761,0.024088541998935398,0.06180020800093189,0.033721708998200484,0.001685158612673054,
Crypto_smartphone,hgb200-leaf31-v2,EVALUATED,False,37485,37485,0.06593406593406594,0.01293103448275862,0.012247954217254105,0.00612058614807918,0.6158321808693525,0.01237828464719221,6,458,85,36936,20011,20011,0.0196078431372549,0.004830917874396135,0.01032064128256513,0.003479690422233213,0.6134617273763212,0.010344310629153966,1,206,50,19754,89388,1.5776760000007926,0.06293691600149032,0.16443329200410517,0.08555687499756459,0.004275492229152196,
Crypto_smartphone,rf100-depth12-v2,EVALUATED,False,37485,37485,0.04395604395604396,0.00904977375565611,0.011713109054928597,0.005265153446609265,0.6922311389204473,0.011791383219954649,4,438,87,36956,20011,20011,0.0196078431372549,0.004132231404958678,0.012074148296593186,0.0028419716498425,0.5635516130299815,0.01209334865823797,1,241,50,19719,89388,1.698662750000949,0.04524462499830406,0.12505304200021783,0.0717761249979958,0.003586833491479476,
Crypto_smartphone,lof20-full-v2,EVALUATED,False,37485,37485,0.0,0.0,0.012889768412044714,0.0023125206301911295,0.48935129159229285,0.012858476724022943,0,482,91,36912,20011,20011,0.0,0.0,0.012324649298597194,0.003621410611219252,0.5862116389642029,0.012293238718704712,0,246,51,19714,88781,8.939763874994242,1.4874887499972829,3.8143510000008973,2.0361728749994654,0.10175267977609642,
Crypto_smartphone,lof50-full-v2,EVALUATED,False,37485,37485,0.0,0.0,0.013210675509440018,0.0025245504440061517,0.5123957713143144,0.01317860477524343,0,494,91,36900,20011,20011,0.058823529411764705,0.011152416356877323,0.013326653306613227,0.004636920125500004,0.6041475107076899,0.013442606566388486,3,266,48,19694,88781,9.323626416997286,1.5649819999962347,3.94728991699958,2.134207041999616,0.10665169366846315,
NonEnc_desktop,standard-distance-v2,EVALUATED,False,44652,44652,0.00697201510603273,0.15584415584415584,0.011361981063364895,0.19656114892448368,0.4210173277031175,0.010346680999731255,72,390,10255,33935,27324,27324,0.01347549237375981,0.182,0.019882358660249868,0.2147511009494334,0.4299642511206578,0.0182989313424096,91,409,6662,20162,69483,2.124994352925569e-06,0.002232958999229595,0.00399795900011668,0.002670041998499073,9.771783042376933e-05,
NonEnc_desktop,if-t100-s512-seed42,EVALUATED,False,44652,44652,0.0025176721216229304,0.10833333333333334,0.006234522942461762,0.18909114736964483,0.42256288978939305,0.005374899220639613,26,214,10301,34111,27324,27324,0.0028135643417740263,0.0708955223880597,0.01210441884205921,0.20628960096005153,0.42825586934166815,0.009808227199531547,19,249,6734,20322,69483,0.18755624999903375,0.044554958993103355,0.10858345899760025,0.08209679200081155,0.0030045671205098648,
NonEnc_desktop,if-t100-s512-seed2026,EVALUATED,False,44652,44652,0.003292340466737678,0.12546125461254612,0.006904588492352513,0.18859764405227866,0.41880619404609826,0.006069157036638896,34,237,10293,34088,27324,27324,0.0034058936768843477,0.07958477508650519,0.012930824947741967,0.20550287295956796,0.42598412538089664,0.01057678231591275,23,266,6730,20305,69483,0.1549062080011936,0.03761829200084321,0.1035963750036899,0.0928969170054188,0.0033998286124073637,
NonEnc_desktop,if-t200-s2048-seed42,EVALUATED,False,44652,44652,0.0030018398373196477,0.11524163568773234,0.006933721777130372,0.1879864669225759,0.4189718703846704,0.0060243662098002325,31,238,10296,34087,27324,27324,0.0068117873537686955,0.12398921832884097,0.01579894025569977,0.20649050338169958,0.4290092528819024,0.013577807056067925,46,325,6707,20246,69483,0.30183387500437675,0.11172566700406605,0.17629749999468913,0.11505608299921732,0.004210806726658517,
NonEnc_desktop,if-t200-s2048-seed2026,EVALUATED,False,44652,44652,0.004260675898131112,0.1414790996784566,0.0077785870356882735,0.1890712596768676,0.4192738528063849,0.006964973573412165,44,267,10283,34058,27324,27324,0.010365763364430623,0.16203703703703703,0.01759758883865636,0.2077506826165733,0.4273655073031456,0.015810276679841896,70,362,6683,20209,69483,0.3293477080005687,0.11098520799714606,0.2193191249971278,0.10954129199672025,0.004008977162813653,
NonEnc_desktop,sgdocsvm-linear-v2,EVALUATED,False,44652,44652,0.0046480100706884865,0.14678899082568808,0.008128186453022579,0.23204119535652373,0.5253820548754913,0.007323300188121473,48,279,10279,34046,27324,27324,0.01717755071819932,0.2555066079295154,0.016430897865927763,0.25067864283894176,0.5270717016157459,0.01661542965890792,116,338,6637,20233,69483,0.025635500001953915,0.0025098750047618523,0.00449345800006995,0.0031940420012688264,0.00011689511057198165,
NonEnc_desktop,sgdocsvm-rbf64-v2,EVALUATED,False,44652,44652,0.0030018398373196477,0.0856353591160221,0.009643117261471231,0.18868528895880615,0.4095876520235496,0.008107139657798083,31,331,10296,33994,27324,27324,0.0053309640159928924,0.11180124223602485,0.013903067425015798,0.20931489723373398,0.42182314209634786,0.011784511784511785,36,286,6717,20285,69483,0.07486479100043653,0.007398124995233957,0.011143999996420462,0.007252666997374035,0.000265432110868615,
NonEnc_desktop,kmeans32-v2,EVALUATED,False,44652,44652,0.005229011329524547,0.15606936416184972,0.008506919155134742,0.2005803440355212,0.4464934162006538,0.007748813043088776,54,292,10273,34033,27324,27324,0.01347549237375981,0.19956140350877194,0.017743425210247434,0.2217496678972691,0.45887708383808995,0.01668862538427756,91,365,6662,20206,69483,0.10127570899931015,0.005588541993347462,0.010440000005473848,0.007179707994509954,0.00026276196730017396,
NonEnc_desktop,kmeans128-v2,EVALUATED,False,44652,44652,0.005616345502081921,0.14250614250614252,0.010167516387472687,0.20112195116547174,0.44930084700786815,0.00911493326166801,58,349,10269,33976,27324,27324,0.011994669035984007,0.14516129032258066,0.023187983082980895,0.21853026844769705,0.4554426549236822,0.020421607378129116,81,477,6672,20094,69483,0.31864029199641664,0.010765541999717243,0.0230335419983021,0.011903833998076152,0.00043565488208447344,
NonEnc_desktop,hgb100-leaf15-v2,EVALUATED,False,44652,44652,0.019850876343565412,0.37477148080438755,0.009963583394027677,0.3499061316353643,0.6842168377380841,0.012250291140374452,205,342,10122,33983,27324,27324,0.029616466755516067,0.3992015968063872,0.014632249282971172,0.3592951444792987,0.6782751777778051,0.018335529205094424,200,301,6553,20270,99022,1.014271000000008,0.061598542000865564,0.09592137499566888,0.06061720800062176,0.0022184602547438794,
NonEnc_desktop,hgb200-leaf31-v2,EVALUATED,False,44652,44652,0.022174881378909654,0.3989547038327526,0.010050983248361253,0.3534704099184482,0.69008838511624,0.012854967302696408,229,345,10098,33980,27324,27324,0.03494743077150896,0.39464882943143814,0.01759758883865636,0.3588816530286547,0.6783084928835716,0.021885521885521887,236,362,6517,20209,99022,2.089286374997755,0.11900079200131586,0.15794170899607707,0.09743216700007906,0.003565809068953267,
NonEnc_desktop,rf100-depth12-v2,EVALUATED,True,44652,44652,0.024789387043671927,0.4266666666666667,0.010021849963583395,0.356058227505986,0.6863093492468529,0.013437248051599033,256,344,10071,33981,27324,27324,0.029468384421738488,0.41286307053941906,0.013757231053424725,0.35966142121261463,0.6779605739046707,0.017640169814082857,199,283,6554,20288,99022,3.61218908400042,0.10242570799891837,0.17741229200328235,0.10722995800460922,0.003924387278751618,
NonEnc_desktop,lof20-full-v2,EVALUATED,False,44652,44652,0.0073593492785901035,0.19338422391857507,0.009235251274581208,0.21433547115847326,0.4719225845091297,0.008801397473797367,76,317,10251,34008,27324,27324,0.0082926106915445,0.25225225225225223,0.008069612561372806,0.23642332946866335,0.4837773251444112,0.008124725516029864,56,166,6697,20405,69483,5.623049916997843,1.939419791000546,3.640440708004462,2.1912360830028774,0.08019455727576041,
NonEnc_desktop,lof50-full-v2,EVALUATED,False,44652,44652,0.007456182821729447,0.21095890410958903,0.008390386016023307,0.21440154548049356,0.4678538886919227,0.008174325898056079,77,288,10250,34037,27324,27324,0.0068117873537686955,0.22885572139303484,0.007534879198872199,0.23684487054974745,0.48328256558967236,0.007356170399648661,46,155,6707,20416,69483,5.989295833001961,2.0489552919971175,3.9050086670031305,2.3017474580046837,0.08423903740318708,
NonEnc_smartphone,standard-distance-v2,EVALUATED,False,40428,40428,0.014906832298136646,0.2719546742209632,0.007561492291396963,0.1763793466918891,0.5230950917459359,0.008731572177698625,96,257,6344,33731,24257,24257,0.007818052594171997,0.1134020618556701,0.012876821720902376,0.18136691204551292,0.5216904880383753,0.0119965370820794,33,258,4188,19778,80808,3.0410010367631912e-06,0.0021708330023102462,0.003695958999742288,0.002380625002842862,9.81417736258755e-05,
NonEnc_smartphone,if-t100-s512-seed42,EVALUATED,False,40428,40428,0.019099378881987577,0.30982367758186397,0.008061668824290926,0.18097258424846518,0.5229335394772141,0.009819926783417433,123,274,6317,33714,24257,24257,0.012319355602937692,0.18374558303886926,0.01152924735476143,0.1833734716907544,0.5188523013467964,0.011666735375355567,52,231,4169,19805,80808,0.16718712500005495,0.04444383300142363,0.09743445799540495,0.04703229099686723,0.001938916230237343,
NonEnc_smartphone,if-t100-s512-seed2026,EVALUATED,False,40428,40428,0.014285714285714285,0.2562674094707521,0.00785571378133459,0.17530929475693974,0.5218248864049204,0.008879984169387553,92,267,6348,33721,24257,24257,0.014925373134328358,0.18313953488372092,0.014024755440207625,0.18277922636104793,0.5172761701290202,0.014181473389124788,63,281,4158,19755,80808,0.1506545830052346,0.0691170419959235,0.09268016699934378,0.07798245800222503,0.0032148434679566736,
NonEnc_smartphone,if-t200-s2048-seed42,EVALUATED,False,40428,40428,0.014285714285714285,0.27218934911242604,0.007237848652465576,0.17840019058698872,0.52103110515074,0.008360542198476303,92,246,6348,33742,24257,24257,0.012556266287609572,0.19776119402985073,0.010730684767418647,0.18250191312330422,0.5171825102401558,0.011048357175248382,53,215,4168,19821,80808,0.35456308299762895,0.14238783300243085,0.18300270900363103,0.10034116599854315,0.004136585975122362,
NonEnc_smartphone,if-t200-s2048-seed2026,EVALUATED,False,40428,40428,0.015062111801242235,0.28034682080924855,0.007326115099446863,0.1785484826228981,0.5222482364071499,0.008558424854061542,97,249,6343,33739,24257,24257,0.01658374792703151,0.20114942528735633,0.013875024955080854,0.18371083447587988,0.5173682633046822,0.014346374242486705,70,278,4151,19758,80808,0.3737107089982601,0.09829954200540669,0.15216900000086753,0.09406120800122153,0.0038776933669135314,
NonEnc_smartphone,sgdocsvm-linear-v2,EVALUATED,False,40428,40428,0.020341614906832298,0.27010309278350514,0.010415440743791927,0.16666489946205454,0.4949413686014136,0.011996635994855051,131,354,6309,33634,24257,24257,0.011845534233593935,0.20242914979757085,0.009832301856658015,0.16708162913448413,0.4807283575184189,0.010182627695098322,50,197,4171,19839,80808,0.03523729200242087,0.0026773749996209517,0.003998041000158992,0.0026550420006969944,0.00010945467290666588,
NonEnc_smartphone,sgdocsvm-rbf64-v2,EVALUATED,False,40428,40428,0.015217391304347827,0.24078624078624078,0.009091444039072614,0.1715018764449748,0.5121320700875793,0.01006728010289898,98,309,6342,33679,24257,24257,0.01824212271973466,0.2219020172910663,0.013475743661409464,0.18133752312945614,0.5109402873453701,0.014305149029146225,77,270,4144,19766,80808,0.07310433399834437,0.0052528340020217,0.009302666003350168,0.005740583001170307,0.00023665675892197335,
NonEnc_smartphone,kmeans32-v2,EVALUATED,False,40428,40428,0.015683229813664597,0.23708920187793428,0.009562198422972814,0.17799582458981228,0.5294176877005183,0.010537251409913921,101,325,6339,33663,24257,24257,0.010424070125562663,0.21052631578947367,0.00823517668197245,0.18560572309663564,0.5259180123491527,0.008616069588160118,44,165,4177,19871,80808,0.10082400000101188,0.005496874997334089,0.01004766600090079,0.005983666000247467,0.00024667790741837275,
NonEnc_smartphone,kmeans128-v2,EVALUATED,False,40428,40428,0.014906832298136646,0.24552429667519182,0.00867953395315994,0.1806791104037726,0.5343569286785179,0.009671514791728505,96,295,6344,33693,24257,24257,0.0111348021795783,0.17153284671532848,0.011329606707925734,0.18603376821451822,0.5267888684045572,0.011295708455291256,47,227,4174,19809,80808,0.3187824999986333,0.009933500004990492,0.017793541002902202,0.011629624998022337,0.00047943377161323894,
NonEnc_smartphone,hgb100-leaf15-v2,EVALUATED,False,40428,40428,0.04704968944099379,0.5109612141652614,0.008532423208191127,0.2436311495729449,0.5866569526365535,0.014668051845255763,303,290,6137,33698,24257,24257,0.045013030087656954,0.4103671706263499,0.013625474146536235,0.23941442143167174,0.5787478061876682,0.019087273776641794,190,273,4031,19763,102009,0.9459569999962696,0.025343875000544358,0.06054112499987241,0.03876954199949978,0.0015982826400420405,
NonEnc_smartphone,hgb200-leaf31-v2,EVALUATED,False,40428,40428,0.045186335403726706,0.5150442477876106,0.008061668824290926,0.2338152605519596,0.5780940176547513,0.01397546255070743,291,274,6149,33714,24257,24257,0.046671404880360104,0.4078674948240166,0.014274306248752247,0.2388354473426293,0.568850264028421,0.019911778043451376,197,286,4024,19750,102009,2.149301915997057,0.059159042000828777,0.12223112500214484,0.08634950000123354,0.0035597765593945473,
NonEnc_smartphone,rf100-depth12-v2,EVALUATED,True,40428,40428,0.04798136645962733,0.4975845410628019,0.009179710486053901,0.23879152073165455,0.5912623915675025,0.015360641139804097,309,312,6131,33676,24257,24257,0.05685856432125089,0.4444444444444444,0.014973048512677181,0.24929461620994192,0.5805169505598287,0.02226161520385868,240,300,3981,19736,102009,2.7655502500056173,0.08950633399945218,0.1776049170002807,0.09053420800046297,0.00373229203943039,
NonEnc_smartphone,lof20-full-v2,EVALUATED,False,40428,40428,0.006211180124223602,0.08771929824561403,0.012239613981405202,0.15931688774976493,0.5087250537639517,0.011279311368358563,40,416,6400,33572,24257,24257,0.006633499170812604,0.10566037735849057,0.011828708325014974,0.1763355870990518,0.5121265671093145,0.010924681535226945,28,237,4193,19799,80808,7.494048125001427,2.0966369590023533,3.781757500000822,2.3306577499970444,0.09608186296726902,
NonEnc_smartphone,lof50-full-v2,EVALUATED,False,40428,40428,0.005745341614906832,0.08788598574821853,0.011298105213604802,0.1589444485297538,0.5079689822019756,0.010413574750173148,37,384,6403,33604,24257,24257,0.006396588486140725,0.1062992125984252,0.011329606707925734,0.17460872085478765,0.5107770062690757,0.010471204188481676,27,227,4194,19809,80808,7.941323541999736,2.184738167001342,3.9595706250038347,2.4817095000034897,0.10230900358673742,
OutFlash_desktop,standard-distance-v2,EVALUATED,False,36644,36644,0.0070052539404553416,0.02926829268292683,0.011393890813317683,0.043513311923678716,0.4719594394105581,0.011188734854273552,12,398,1701,34533,21822,21822,0.0047430830039525695,0.01411764705882353,0.020382351510434403,0.046989800106123254,0.42734611812023293,0.019475758408945103,6,419,1259,20138,69469,3.0840019462630153e-06,0.002344458000152372,0.003311417000077199,0.0022166669950820506,0.00010157946086894192,
OutFlash_desktop,if-t100-s512-seed42,EVALUATED,False,36644,36644,0.0017513134851138354,0.01282051282051282,0.0066130371303426755,0.04101907380995178,0.46896948187556076,0.006385765746097587,3,231,1710,34700,21822,21822,0.0007905138339920949,0.0035971223021582736,0.01347472880284088,0.04526026818614408,0.4163431630666953,0.012739437265145266,1,277,1264,20280,69469,0.14687270899594296,0.07604387500032317,0.0979144590019132,0.08010079199448228,0.0036706439370581194,
OutFlash_desktop,if-t100-s512-seed2026,EVALUATED,False,36644,36644,0.0005837711617046118,0.00423728813559322,0.006727548595803155,0.04075940019393596,0.46610840823163635,0.0064403449405086785,1,235,1712,34696,21822,21822,0.0015810276679841897,0.008097165991902834,0.011918081432115582,0.04550023322586398,0.42120960883658876,0.011318852534139858,2,245,1263,20312,69469,0.14615404199867044,0.08229683299578028,0.09252941700106021,0.05993566699908115,0.00274657075424256,
OutFlash_desktop,if-t200-s2048-seed42,EVALUATED,False,36644,36644,0.002335084646818447,0.013651877133105802,0.008273453379519624,0.04125607513838588,0.466628121826629,0.007995851981224758,4,289,1709,34642,21822,21822,0.0023715415019762848,0.008928571428571428,0.016198861701610157,0.04529621260233958,0.41796593334142174,0.01539730547154248,3,333,1262,20224,69469,0.3213582500029588,0.11048049999953946,0.1876181670013466,0.12764870899991365,0.0058495421592848346,
OutFlash_desktop,if-t200-s2048-seed2026,EVALUATED,False,36644,36644,0.0035026269702276708,0.02181818181818182,0.007700896052217228,0.04144343036769425,0.4670731405887443,0.007504639231524943,6,269,1707,34662,21822,21822,0.0015810276679841897,0.005780346820809248,0.01673395923529698,0.045234953122116305,0.41775670116888913,0.015855558610576484,2,344,1263,20213,69469,0.3195874169978197,0.09702945799654117,0.15358354199997848,0.10476179100078298,0.00480074195769329,
OutFlash_desktop,sgdocsvm-linear-v2,EVALUATED,False,36644,36644,0.0035026269702276708,0.020689655172413793,0.008130314047694025,0.04473809595658304,0.49467615273496485,0.007913983189608122,6,284,1707,34647,21822,21822,0.0015810276679841897,0.0058823529411764705,0.016442087853285985,0.057337258264600545,0.5331950437239865,0.01558060672715608,2,338,1263,20219,69469,0.026803332999406848,0.0026178749976679683,0.003842416001134552,0.002435166999930516,0.00011159229217901732,
OutFlash_desktop,sgdocsvm-rbf64-v2,EVALUATED,False,36644,36644,0.008172796263864565,0.03723404255319149,0.01036328762417337,0.04128126407858778,0.4538059377938357,0.010260888549285013,14,362,1699,34569,21822,21822,0.0007905138339920949,0.0033222591362126247,0.01459356910054969,0.04441525410093823,0.4002919098367385,0.013793419484923472,1,300,1264,20257,69469,0.0625192080042325,0.005741749999288004,0.008465624996460974,0.005160749999049585,0.00023649298868341973,
OutFlash_desktop,kmeans32-v2,EVALUATED,False,36644,36644,0.002335084646818447,0.015037593984962405,0.0075005009876613895,0.04334182517740555,0.4899827703027516,0.007259032856675035,4,262,1709,34669,21822,21822,0.0015810276679841897,0.005208333333333333,0.018582477988033273,0.04791838279623268,0.4454465660985814,0.017596920538905693,2,382,1263,20175,69469,0.10397445800481364,0.005854374998307321,0.010621540997817647,0.00581620899902191,0.0002665296031079603,
OutFlash_desktop,kmeans128-v2,EVALUATED,False,36644,36644,0.0035026269702276708,0.017241379310344827,0.009790730296870975,0.0426275265284248,0.4802626570807935,0.009496779827529746,6,342,1707,34589,21822,21822,0.0,0.0,0.020722868122780562,0.047155588949925616,0.43819204329387046,0.019521583722848502,0,426,1265,20131,69469,0.3017854999998235,0.010800708005263004,0.01846483300323598,0.009560999998939224,0.0004381358261817993,
OutFlash_desktop,hgb100-leaf15-v2,EVALUATED,False,36644,36644,0.03502626970227671,0.14962593516209477,0.009762102430505855,0.09624158419246256,0.6982933396358091,0.010943128479423643,60,341,1653,34590,21822,21822,0.0466403162055336,0.16164383561643836,0.014885440482560686,0.12146819779984279,0.7332860468367046,0.01672623957474109,59,306,1206,20251,75208,0.8466799169982551,0.05322333300136961,0.08105208399501862,0.0328548339966801,0.0015055830811419714,
OutFlash_desktop,hgb200-leaf31-v2,EVALUATED,True,36644,36644,0.04553415061295972,0.17647058823529413,0.01042054335690361,0.09670121263545584,0.6876490543787909,0.012062001964850999,78,364,1635,34567,21822,21822,0.06007905138339921,0.2177650429799427,0.013280147881500219,0.13047888829807805,0.7349880338501584,0.015993034552286685,76,273,1189,20284,75208,1.9774744170063059,0.08376520899764728,0.18354462499701185,0.11246391700115055,0.005153694299383674,
OutFlash_desktop,rf100-depth12-v2,EVALUATED,False,36644,36644,0.02568593111500292,0.13134328358208955,0.008330709112249864,0.0888381122469768,0.699989854070245,0.009142015063857657,44,291,1669,34640,21822,21822,0.0616600790513834,0.2582781456953642,0.010896531595077103,0.13339997423911032,0.7387926676832814,0.013839244798826872,78,224,1187,20333,75208,2.517679541997495,0.0783058750021155,0.17152270799851976,0.08380200000101468,0.0038402529557792445,
OutFlash_desktop,lof20-full-v2,EVALUATED,False,36644,36644,0.005253940455341506,0.026865671641791045,0.009332684435029057,0.044385861365760775,0.4754999444071235,0.009142015063857657,9,326,1704,34605,21822,21822,0.009486166007905139,0.06557377049180328,0.008318334387313324,0.05560281918620654,0.47698184609995037,0.008386032444322244,12,171,1253,20386,69469,5.573627666999528,1.9182607089969679,2.937724375005928,1.8009234170021955,0.08252788090010978,
OutFlash_desktop,lof50-full-v2,EVALUATED,False,36644,36644,0.007589025102159953,0.04318936877076412,0.008244825513154504,0.0433634329261194,0.46876185046183033,0.00821416875886912,13,288,1700,34643,21822,21822,0.005533596837944664,0.04375,0.007442720241280343,0.05336928659239305,0.4715637288088014,0.007332050224544038,7,153,1258,20404,69469,5.892705875005049,2.0801028330024565,3.164998749998631,1.8813166250038194,0.08621192489248554,
OutFlash_smartphone,standard-distance-v2,EVALUATED,False,37986,37986,0.007292616226071103,0.02702702702702703,0.007807205399983735,0.028157223290429922,0.4893262284574782,0.0077923445479913655,8,288,1089,36601,20732,20732,0.022222222222222223,0.06439393939393939,0.012370411178444434,0.04455971674103773,0.5547641189662289,0.012733937873818251,17,247,748,19720,87577,8.625000191386789e-06,0.0017664999977569096,0.0036072080038138665,0.002047957998001948,9.878246179828034e-05,
OutFlash_smartphone,if-t100-s512-seed42,EVALUATED,False,37986,37986,0.008204193254329991,0.0379746835443038,0.006180704274987124,0.02915448872401248,0.48889055498308964,0.006239140736060654,9,228,1088,36661,20732,20732,0.01437908496732026,0.05851063829787234,0.00886462663394601,0.04561012603260792,0.5492708066348692,0.009068107273779664,11,177,754,19790,87577,0.1706901249999646,0.023762832999636885,0.10166791699884925,0.04819729200244183,0.0023247777350203468,
OutFlash_smartphone,if-t100-s512-seed2026,EVALUATED,False,37986,37986,0.0,0.0,0.00715660494998509,0.027713468533517825,0.48335685565652586,0.006949928921181488,0,264,1097,36625,20732,20732,0.01699346405228758,0.05603448275862069,0.010968097360645064,0.0443591316231014,0.548535606626751,0.011190430252749373,13,219,752,19748,87577,0.17131383299420122,0.0552149580034893,0.07188350000069477,0.062276916003611404,0.00300390295213252,
OutFlash_smartphone,if-t200-s2048-seed42,EVALUATED,False,37986,37986,0.006381039197812215,0.03153153153153153,0.005828295697904525,0.02770459838762692,0.4802318582048839,0.005844258410993524,7,215,1090,36674,20732,20732,0.023529411764705882,0.09045226130653267,0.00906495717934592,0.0465330572242968,0.5509833381942951,0.009598688018522091,18,181,747,19786,87577,0.38693470799626084,0.064417958004924,0.17689925000013318,0.0965472910029348,0.004656921233018271,
OutFlash_smartphone,if-t200-s2048-seed2026,EVALUATED,False,37986,37986,0.0009115770282588879,0.0049261083743842365,0.005475887120821925,0.027499018107909876,0.4821771975365847,0.005344074132575159,1,202,1096,36687,20732,20732,0.018300653594771243,0.06572769953051644,0.009966444633645516,0.04602816376695207,0.5486788167797126,0.010273972602739725,14,199,751,19768,87577,0.352799624997715,0.06637616699299542,0.18085216700274032,0.09958287499466678,0.004803341452569302,
OutFlash_smartphone,sgdocsvm-linear-v2,EVALUATED,False,37986,37986,0.004557885141294439,0.013966480446927373,0.009569248285396731,0.02690320276475549,0.4840131397172621,0.009424524824935502,5,353,1092,36536,20732,20732,0.00522875816993464,0.0223463687150838,0.008764461361246057,0.0301477083136703,0.4136996960016707,0.008633995755354042,4,175,761,19792,87577,0.03669333300058497,0.0017358749973936938,0.00384512500022538,0.002376625001488719,0.00011463558756939607,
OutFlash_smartphone,sgdocsvm-rbf64-v2,EVALUATED,False,37986,37986,0.0054694621695533276,0.01892744479495268,0.008430697497899103,0.0288185741800204,0.49087971989584755,0.008345179803085348,6,311,1091,36578,20732,20732,0.0196078431372549,0.05639097744360902,0.012570741723844344,0.04421177924750434,0.5431377786419488,0.012830407100135057,15,251,750,19716,87577,0.07596966600249289,0.0038298329964163713,0.008681207997142337,0.004981709003914148,0.0002402908066715294,
OutFlash_smartphone,kmeans32-v2,EVALUATED,False,37986,37986,0.004557885141294439,0.018315018315018316,0.007265038358318198,0.02749935489032859,0.4852658075238304,0.007186858316221766,5,268,1092,36621,20732,20732,0.01437908496732026,0.06748466257668712,0.007612560725196575,0.04822701870482047,0.5799460940617378,0.007862241944819602,11,152,754,19815,87577,0.10066745799849741,0.004061958999955095,0.009213041994371451,0.005450791999464855,0.0002629168435011024,
OutFlash_smartphone,kmeans128-v2,EVALUATED,False,37986,37986,0.007292616226071103,0.025477707006369428,0.00829515573748272,0.028548923128648603,0.5000386979757178,0.008266203338071921,8,306,1089,36583,20732,20732,0.02483660130718954,0.08755760368663594,0.009916361997295538,0.05190981600540146,0.5894019249408583,0.010466911055373337,19,198,746,19769,87577,0.33692216700001154,0.007466084003681317,0.0201184999968973,0.009617125004297122,0.0004638783042782714,
OutFlash_smartphone,hgb100-leaf15-v2,EVALUATED,False,37986,37986,0.022789425706472195,0.07331378299120235,0.008566239258315487,0.05121432395910541,0.6391993739725175,0.008976991523192755,25,316,1072,36573,20732,20732,0.05620915032679739,0.2097560975609756,0.008113387088696349,0.07456146794890889,0.5935195359925577,0.009888095697472506,43,162,722,19805,91295,0.9271417080017272,0.034334915995714255,0.08681649999925867,0.047526374997687526,0.0022924163128346287,
OutFlash_smartphone,hgb200-leaf31-v2,EVALUATED,True,37986,37986,0.03190519598906107,0.09668508287292818,0.008864431131231532,0.051484545412090466,0.6210409048723444,0.009529826778286737,35,327,1062,36562,20732,20732,0.054901960784313725,0.1935483870967742,0.008764461361246057,0.07051269538906461,0.6002266484797956,0.010466911055373337,42,175,723,19792,91295,2.1681552920053946,0.07658087500021793,0.1193695000038133,0.08691033400100423,0.004192086340005992,
OutFlash_smartphone,rf100-depth12-v2,EVALUATED,False,37986,37986,0.0300820419325433,0.1375,0.00561142888123831,0.060301216248562925,0.6540984529384551,0.00631811720107408,33,207,1064,36682,20732,20732,0.043137254901960784,0.1896551724137931,0.007061651725346822,0.07054064550076616,0.5927637791899116,0.00839282268956203,33,141,732,19826,91295,2.1752337080033612,0.06145766699773958,0.15665245799755212,0.09551887500128942,0.0046073159850129955,
OutFlash_smartphone,lof20-full-v2,EVALUATED,False,37986,37986,0.0009115770282588879,0.002150537634408602,0.012578275366640463,0.02700066006806246,0.4877705500645423,0.01224135207708103,1,464,1096,36425,20732,20732,0.00261437908496732,0.00823045267489712,0.012069915360344569,0.03819051707020332,0.5174276445023177,0.0117210109974918,2,241,763,19726,87577,8.801394624999375,1.5821397910040105,3.8437479159983923,2.1084137500001816,0.10169852160911545,
OutFlash_smartphone,lof50-full-v2,EVALUATED,False,37986,37986,0.006381039197812215,0.014705882352941176,0.012713817127056846,0.026996407045293557,0.4824585856907983,0.012530932448796925,7,469,1090,36420,20732,20732,0.00130718954248366,0.004016064257028112,0.01242049381479441,0.038725089444733095,0.5273166738189909,0.012010418676442215,1,248,764,19719,87577,9.264628291995905,1.6534914590010885,4.093108542001573,2.2038396669959184,0.10630135380069064,
OutTLS_desktop,standard-distance-v2,EVALUATED,False,35237,35237,0.0,0.0,0.011393890813317683,0.007593230676692087,0.45269095394973813,0.011294945653716264,0,398,306,34533,20687,20687,0.0,0.0,0.020382351510434403,0.005079532482899631,0.40716937146620463,0.020254265964132063,0,419,130,20138,69469,4.207999154459685e-06,0.0024314589973073453,0.0032343330021831207,0.00200237500393996,9.67938804050834e-05,
OutTLS_desktop,if-t100-s512-seed42,EVALUATED,False,35237,35237,0.0,0.0,0.006670292863072915,0.0071091563070070675,0.4286052821594317,0.006612367681698215,0,233,306,34698,20687,20687,0.0,0.0,0.013863890645522207,0.004902747725008358,0.403380843508294,0.013776768018562383,0,285,130,20272,69469,0.14464133299770765,0.043124916999659035,0.07434862499940209,0.052066833995922934,0.002516886643588869,
OutTLS_desktop,if-t100-s512-seed2026,EVALUATED,False,35237,35237,0.0,0.0,0.006813432194898514,0.007118061971454954,0.4343220144737253,0.00675426398388058,0,238,306,34693,20687,20687,0.0,0.0,0.012112662353456243,0.004778928910713321,0.3924803828753821,0.012036544689901871,0,249,130,20308,69469,0.14060254200012423,0.046376250000321306,0.07100004200037802,0.0478966250011581,0.002315300671975545,
OutTLS_desktop,if-t200-s2048-seed42,EVALUATED,False,35237,35237,0.0,0.0,0.007901291116773066,0.00696834271209844,0.4247052031427784,0.007832675880466555,0,276,306,34655,20687,20687,0.0,0.0,0.016101571240939826,0.004633829420373176,0.3793631965155047,0.016000386716295258,0,331,130,20226,69469,0.2647044580007787,0.08743604200572008,0.1299938750016736,0.07980387499992503,0.0038576823608993584,
OutTLS_desktop,if-t200-s2048-seed2026,EVALUATED,False,35237,35237,0.0,0.0,0.00752912885402651,0.007034820424746761,0.4308851736280095,0.007463745494792406,0,263,306,34668,20687,20687,0.0,0.0,0.016588023544291484,0.004660093362882316,0.37889882166284367,0.01648378208536762,0,341,130,20216,69469,0.2688255829998525,0.08694312499574153,0.13304154200159246,0.08145708299707621,0.003937597669892987,
OutTLS_desktop,sgdocsvm-linear-v2,EVALUATED,False,35237,35237,0.0,0.0,0.008130314047694025,0.007885463989855401,0.49008456072971496,0.008059709963958338,0,284,306,34647,20687,20687,0.0,0.0,0.016442087853285985,0.006740944273451996,0.5550301039136958,0.016338763474645912,0,338,130,20219,69469,0.023586957999214064,0.0023640419967705384,0.003529374997015111,0.002176999994844664,0.00010523517159784714,
OutTLS_desktop,sgdocsvm-rbf64-v2,EVALUATED,False,35237,35237,0.0032679738562091504,0.002785515320334262,0.010248776158712891,0.007622949642314783,0.4393603786213081,0.010188154496693816,1,358,305,34573,20687,20687,0.0,0.0,0.014058471566862869,0.00524268024272781,0.44642775622004105,0.013970126166191327,0,289,130,20268,69469,0.057714458998816554,0.006124958003056236,0.00816925000253832,0.004775583001901396,0.00023084947077398345,
OutTLS_desktop,kmeans32-v2,EVALUATED,False,35237,35237,0.0196078431372549,0.023166023166023165,0.007242850190375311,0.00896057681120802,0.47013252831024677,0.007350228453046514,6,253,300,34678,20687,20687,0.0,0.0,0.013766600184851875,0.00500328920280955,0.4215872564464285,0.01368008894474791,0,283,130,20274,69469,0.09640141599811614,0.005757958002504893,0.008657833997858688,0.004921582993119955,0.0002379070427379492,
OutTLS_desktop,kmeans128-v2,EVALUATED,False,35237,35237,0.0032679738562091504,0.0031545741324921135,0.00904640577137786,0.007952838076301455,0.46541926820063384,0.008996225558361949,1,316,305,34615,20687,20687,0.0,0.0,0.0189716398307146,0.0049288157054146985,0.4021706998551869,0.018852419393822206,0,390,130,20167,69469,0.27465750000556,0.010637999999744352,0.01638058300159173,0.008767207997152582,0.0004238027745517756,
OutTLS_desktop,hgb100-leaf15-v2,EVALUATED,False,35237,35237,0.05228758169934641,0.04923076923076923,0.00884601070682202,0.01629508191848854,0.6083940833497523,0.009223259641853733,16,309,290,34622,20687,20687,0.06153846153846154,0.04819277108433735,0.007685946392956171,0.05357480689743464,0.6516664733330589,0.008024363126601246,8,158,122,20399,70827,0.5621331250004005,0.03441629100416321,0.06563491700217128,0.030323749997478444,0.0014658360321689197,
OutTLS_desktop,hgb200-leaf31-v2,EVALUATED,True,35237,35237,0.06209150326797386,0.04,0.013054307062494632,0.020094667109058127,0.5947342875581234,0.013480148707324687,19,456,287,34475,20687,20687,0.06153846153846154,0.04020100502512563,0.009291238994016637,0.024493749008551457,0.6594592521357127,0.00961956784454005,8,191,122,20366,70827,1.2776710419930168,0.09364083300170023,0.1368294580024667,0.077713999999105,0.003756658771165708,
OutTLS_desktop,rf100-depth12-v2,EVALUATED,False,35237,35237,0.0457516339869281,0.036458333333333336,0.010592310555094329,0.014730938143557137,0.6030576993711039,0.010897636007605642,14,370,292,34561,20687,20687,0.06153846153846154,0.05517241379310345,0.0066643965559176925,0.04203107277887321,0.6969952215416048,0.007009232851549282,8,137,122,20420,70827,2.2080989579990273,0.09047220800130162,0.13152229099796386,0.07288920800056076,0.0035234305602823393,
OutTLS_desktop,lof20-full-v2,EVALUATED,False,35237,35237,0.00980392156862745,0.00909090909090909,0.009361312301394177,0.010469083691332086,0.5111266973939099,0.009365155944036098,3,327,303,34604,20687,20687,0.007692307692307693,0.005813953488372093,0.008318334387313324,0.006981488682308827,0.49410438518041766,0.008314400348044666,1,171,129,20386,69469,5.500129708998429,1.9045723750023171,2.8174440000002505,1.6648354579956504,0.0804773750662566,
OutTLS_desktop,lof50-full-v2,EVALUATED,False,35237,35237,0.0,0.0,0.008216197646789384,0.008421202775915742,0.4918924666237436,0.00814484774526776,0,287,306,34644,20687,20687,0.023076923076923078,0.019230769230769232,0.007442720241280343,0.008364209195295971,0.4938617203198611,0.0075409677575288825,3,153,127,20404,69469,5.847027750001871,2.0152238339942414,2.9639045410003746,1.7614590000011958,0.08514811234114157,
OutTLS_smartphone,standard-distance-v2,EVALUATED,False,37022,37022,0.032663316582914576,0.042483660130718956,0.008000218435998253,0.014836597472502898,0.5355801986669916,0.008265355734428178,13,293,385,36331,20183,20183,0.0,0.0,0.012615769712140176,0.007440719322973221,0.35285043804755944,0.01248575533865134,0,252,208,19723,86130,5.209003575146198e-06,0.001620166003704071,0.0037405000039143488,0.0020334169967100024,0.00010074899651736622,
OutTLS_smartphone,if-t100-s512-seed42,EVALUATED,False,37022,37022,0.01256281407035176,0.020491803278688523,0.006525775447793796,0.012154264894956735,0.5406503973010531,0.006590675814380638,5,239,393,36385,20183,20183,0.0,0.0,0.009411764705882352,0.007150338427363958,0.34509591316068156,0.009314769855819255,0,188,208,19787,86130,0.1656471660026,0.04010229100094875,0.06498541700420901,0.038453542001661845,0.0019052441164178688,
OutTLS_smartphone,if-t100-s512-seed2026,EVALUATED,False,37022,37022,0.010050251256281407,0.015748031496062992,0.006826124945391,0.012099997944275468,0.5335256036626997,0.0068607854789044355,4,250,394,36374,20183,20183,0.0,0.0,0.01276595744680851,0.007186419950153901,0.3500960335034177,0.012634395283159095,0,255,208,19720,86130,0.1519373750052182,0.058643541000492405,0.0812420000002021,0.047709624996059574,0.0023638520039666834,
OutTLS_smartphone,if-t200-s2048-seed42,EVALUATED,False,37022,37022,0.005025125628140704,0.008333333333333333,0.006498470948012232,0.01237513243999841,0.5479389836359605,0.00648263194857112,2,238,396,36386,20183,20183,0.0,0.0,0.008160200250312891,0.007162041655458002,0.3498280302300953,0.00807610365158797,0,163,208,19812,86130,0.3229619999983697,0.062446583004202694,0.16459195799689041,0.07355920800182503,0.003644612198475203,
OutTLS_smartphone,if-t200-s2048-seed2026,EVALUATED,False,37022,37022,0.01256281407035176,0.018726591760299626,0.007153778942769768,0.012115129520152326,0.5384852808164896,0.007211928042785371,5,262,393,36362,20183,20183,0.0,0.0,0.012315394242803505,0.00710484672593512,0.3447144266872052,0.012188475449635833,0,246,208,19729,86130,0.3541247499961173,0.08657133299857378,0.16849191600340419,0.062466041003062855,0.003094982956104784,
OutTLS_smartphone,sgdocsvm-linear-v2,EVALUATED,False,37022,37022,0.02512562814070352,0.03558718861209965,0.007399519440803844,0.013709715960733521,0.533725344997157,0.0075900815731186864,10,271,388,36353,20183,20183,0.0,0.0,0.005707133917396746,0.012793259825468594,0.6017555598344084,0.005648317891294654,0,114,208,19861,86130,0.04642358399723889,0.0019292920042062178,0.003994417005742434,0.002381708000029903,0.00011800564831937288,
OutTLS_smartphone,sgdocsvm-rbf64-v2,EVALUATED,False,37022,37022,0.02512562814070352,0.03067484662576687,0.008628221930974225,0.012757501263408614,0.519913795989559,0.008805575063475771,10,316,388,36308,20183,20183,0.0,0.0,0.01381727158948686,0.0071066740235282535,0.3358992009242322,0.013674874894713373,0,276,208,19699,86130,0.08529887499753386,0.004313249999540858,0.008955707999120932,0.004891374999715481,0.00024235123617477486,
OutTLS_smartphone,kmeans32-v2,EVALUATED,False,37022,37022,0.01256281407035176,0.017985611510791366,0.007454128440366973,0.013208058287765466,0.5427707494989145,0.007509048673761547,5,273,393,36351,20183,20183,0.0,0.0,0.008760951188986232,0.007538382501060141,0.3820477519976894,0.008670663429618987,0,175,208,19800,86130,0.1100839159989846,0.0047886250031297095,0.008862082999257836,0.005051791995356325,0.0002502993606181601,
OutTLS_smartphone,kmeans128-v2,EVALUATED,False,37022,37022,0.017587939698492462,0.019943019943019943,0.009392747924858016,0.01383588772515241,0.5455717246674614,0.009480849224785263,7,344,391,36280,20183,20183,0.0,0.0,0.01211514392991239,0.007564472926585942,0.38463295465485703,0.011990288856958827,0,242,208,19733,86130,0.3229129999963334,0.0076761669988627546,0.016177249999600463,0.0088200840036734,0.0004370055989532478,
OutTLS_smartphone,hgb100-leaf15-v2,EVALUATED,True,37022,37022,0.09045226130653267,0.06792452830188679,0.013488422892092617,0.02985095520969947,0.6890793732204052,0.014315812219761224,36,494,362,36130,20183,20183,0.07211538461538461,0.06224066390041494,0.011314142678347934,0.027018641984394545,0.6417264368922692,0.011940742208789575,15,226,193,19749,87841,0.6964840829969035,0.027549540995096322,0.0525365419962327,0.034201875001599547,0.0016945882674329657,
OutTLS_smartphone,hgb200-leaf31-v2,EVALUATED,False,37022,37022,0.07537688442211055,0.054249547920433995,0.014280253385757972,0.042091594067242645,0.6552432323258933,0.014937064448165956,30,523,368,36101,20183,20183,0.08173076923076923,0.08095238095238096,0.009662077596996246,0.038180629165869416,0.6298245402907481,0.010404796115542783,17,193,191,19782,87841,1.903323165999609,0.059203999997407664,0.14378608299739426,0.07285504099854734,0.0036097230837114076,
OutTLS_smartphone,rf100-depth12-v2,EVALUATED,False,37022,37022,0.06030150753768844,0.03779527559055118,0.016683049366535606,0.02426488604825424,0.6733114362221768,0.01715196369726109,24,611,374,36013,20183,20183,0.04807692307692308,0.039525691699604744,0.012165206508135169,0.02325387524162814,0.6877392413593916,0.012535301986820591,10,243,198,19732,87841,2.5035937920038123,0.06195345800369978,0.17727920800098218,0.05912095899839187,0.0029292453549220566,
OutTLS_smartphone,lof20-full-v2,EVALUATED,False,37022,37022,0.03768844221105527,0.032467532467532464,0.012205111402359109,0.014635825975930675,0.5489299380256459,0.012479066500999406,15,447,383,36177,20183,20183,0.02403846153846154,0.020833333333333332,0.011764705882352941,0.011058124199353614,0.4915174015596419,0.011891195560620325,5,235,203,19740,86130,8.558476915997744,1.6522002919955412,3.614910290998523,1.927675333005027,0.0955098515089445,
OutTLS_smartphone,lof50-full-v2,EVALUATED,False,37022,37022,0.02763819095477387,0.024229074889867842,0.012095893403232853,0.015333275689785836,0.5778171383347493,0.01226297876938037,11,443,387,36181,20183,20183,0.009615384615384616,0.00819672131147541,0.01211514392991239,0.00940010903828829,0.45476978434581694,0.012089382153297329,2,242,206,19733,86130,8.784287333997781,1.683631375002733,3.698920041002566,2.023201625001093,0.10024285908938675,
P2P_desktop,standard-distance-v2,EVALUATED,False,42171,42171,0.0026355943958940213,0.045346062052505964,0.011440993078199188,0.14050324723552532,0.4149376467861042,0.009935737829313984,19,400,7190,34562,24470,24470,0.008072653884964682,0.07142857142857142,0.02028674534282649,0.13865211392286264,0.43112388508179983,0.018308132407029016,32,416,3932,20090,69150,6.2499966588802636e-06,0.0022726669994881377,0.003822625003522262,0.0025921669948729686,0.00010593244768585895,
P2P_desktop,if-t100-s512-seed42,EVALUATED,False,42171,42171,0.0015258704397281176,0.04700854700854701,0.006378353641096047,0.13653941199523417,0.4164944724997941,0.005548836878423561,11,223,7198,34739,24470,24470,0.0035317860746720484,0.04794520547945205,0.013557007705061934,0.13219914914569636,0.43219467502460207,0.01193297915815284,14,278,3950,20228,69150,0.13764425000408664,0.038199416994757485,0.08757725000032224,0.04397512499417644,0.0017971035960023065,
P2P_desktop,if-t100-s512-seed2026,EVALUATED,False,42171,42171,0.0004161464835622139,0.013953488372093023,0.006063726331445569,0.13515413828334333,0.4111564414239207,0.005098290294278059,3,212,7206,34750,24470,24470,0.002270433905146317,0.03383458646616541,0.012532917194967326,0.12966439521369316,0.42251289598190994,0.010870453616673478,9,257,3955,20249,69150,0.14212741699884646,0.03813149999768939,0.08972791700216476,0.04504129200358875,0.001840673968270893,
P2P_desktop,if-t200-s2048-seed42,EVALUATED,False,42171,42171,0.0009710084616451658,0.027131782945736434,0.007179223156569991,0.13578051564121565,0.41428631243088976,0.00611794835313367,7,251,7202,34711,24470,24470,0.0012613521695257316,0.014619883040935672,0.016434214376280114,0.1313783407031626,0.43028261866798256,0.013976297507151614,5,337,3959,20169,69150,0.2697292090015253,0.09553241699904902,0.14182470900414046,0.09289900000294438,0.0037964446261930683,
P2P_desktop,if-t200-s2048-seed2026,EVALUATED,False,42171,42171,0.0011097239561659038,0.028070175438596492,0.007922887706652938,0.1352192003302256,0.4117916752277718,0.006758198762182543,8,277,7201,34685,24470,24470,0.0015136226034308778,0.016483516483516484,0.01745830488637472,0.13088678866790845,0.4274027301009977,0.014875357580711075,6,358,3958,20148,69150,0.2712110840002424,0.08407625000108965,0.15729420899879187,0.08930737499758834,0.003649667960669732,
P2P_desktop,sgdocsvm-linear-v2,EVALUATED,False,42171,42171,0.00610348175891247,0.09977324263038549,0.011355185630112693,0.16523601355766832,0.5051883491141351,0.01045742334779825,44,397,7165,34565,24470,24470,0.011856710393541877,0.16725978647686832,0.011411294255339901,0.16049881191880472,0.5084695744584318,0.01148344912137311,47,234,3917,20272,69150,0.024080292001599446,0.0023662079984205775,0.004372916999273002,0.0025749170017661527,0.00010522750313715377,
P2P_desktop,sgdocsvm-rbf64-v2,EVALUATED,False,42171,42171,0.0027743098904147593,0.053763440860215055,0.010068073908815285,0.13738571898708898,0.4080588984831193,0.008821227858006687,20,352,7189,34610,24470,24470,0.0073158425832492435,0.09119496855345911,0.014093436067492441,0.13355780241574106,0.4246357764107928,0.012995504699632203,29,289,3935,20217,69150,0.05796566599747166,0.005375749999075197,0.009443916998861823,0.005827790999319404,0.0002381606456607848,
P2P_desktop,kmeans32-v2,EVALUATED,False,42171,42171,0.008600360660285754,0.18507462686567164,0.007808477775870946,0.14415684856811348,0.43473091197704783,0.007943847667828602,62,273,7147,34689,24470,24470,0.006811301715438951,0.07964601769911504,0.015215059007119867,0.13821691484413226,0.44781115723753123,0.013853698406211689,27,312,3937,20194,69150,0.08606000000145286,0.005585459002759308,0.009811249998165295,0.006071249998058192,0.00024810993044782154,
P2P_desktop,kmeans128-v2,EVALUATED,False,42171,42171,0.0020807324178110697,0.03926701570680628,0.010497111149247755,0.144107231903215,0.44247406111110676,0.009058357639135898,15,367,7194,34595,24470,24470,0.0037840565085771947,0.03024193548387097,0.02345654930264313,0.13888820584301279,0.45469594043652206,0.02026971802206784,15,481,3949,20025,69150,0.2730739580001682,0.010204500002146233,0.01774741600092966,0.011286249995464459,0.0004612280341423972,
P2P_desktop,hgb100-leaf15-v2,EVALUATED,False,42171,42171,0.02316548758496324,0.30755064456721914,0.010754533493507237,0.26979625535194274,0.6856596713698924,0.012876147115316212,167,376,7042,34586,24470,24470,0.04162462159434914,0.3937947494033413,0.012386618550668096,0.2884629455741373,0.7093241482422068,0.017123007764609725,165,254,3799,20252,91066,0.6919769160012947,0.029936582999653183,0.05390133299806621,0.032060124998679385,0.0013101808336199177,
P2P_desktop,hgb200-leaf31-v2,EVALUATED,True,42171,42171,0.029130253849354974,0.37168141592920356,0.010153881356901779,0.27968883258155475,0.6919586788117673,0.01339783263380048,210,355,6999,34607,24470,24470,0.04641775983854692,0.4017467248908297,0.013361942845996294,0.2827358895426396,0.7090124701263877,0.01871679607682877,184,274,3780,20232,91066,1.4545553339994512,0.06752062500163447,0.11959820800257148,0.07138683299854165,0.0029173205148566267,
P2P_desktop,rf100-depth12-v2,EVALUATED,False,42171,42171,0.026355943958940215,0.3646833013435701,0.009467421772209828,0.27659843506240356,0.6940155500378831,0.012354461596831946,190,331,7019,34631,24470,24470,0.0375882946518668,0.36790123456790125,0.012484150980200916,0.28070991589191224,0.71016441202068,0.01655087862689007,149,256,3815,20250,91066,3.0814969169950928,0.08249249999789754,0.15230324999720324,0.07912412500445498,0.003233515529401511,
P2P_desktop,lof20-full-v2,EVALUATED,False,42171,42171,0.0033291718684977114,0.0676056338028169,0.009467421772209828,0.15462446952770725,0.4675605015909749,0.008418107230087027,24,331,7185,34631,24470,24470,0.007063572149344097,0.1414141414141414,0.008290256510289671,0.1533260734795461,0.4776308856170963,0.008091540662035145,28,170,3936,20336,69150,5.4898739170021145,1.8646800830028951,3.342221042003075,1.9357079170004,0.07910535010218225,
P2P_desktop,lof50-full-v2,EVALUATED,False,42171,42171,0.003745318352059925,0.08653846153846154,0.00815170756821692,0.15564249049521278,0.46882459523717757,0.007398449171231415,27,285,7182,34677,24470,24470,0.007063572149344097,0.15819209039548024,0.007266166000195065,0.14991359863792844,0.468065203135643,0.00723334695545566,28,149,3936,20357,69150,5.819680583001173,1.9504338749975432,3.5433270420035115,2.0626267499974347,0.08429206170810931,
P2P_smartphone,standard-distance-v2,EVALUATED,False,40990,40990,0.011661166116611662,0.15634218289085547,0.00784744134997942,0.11382917928776808,0.5071362441498642,0.00827030983166626,53,286,4492,36159,22156,22156,0.01896551724137931,0.15331010452961671,0.012250453720508167,0.10438001079527642,0.49209197531829973,0.012953601733164831,44,243,2276,19593,83890,3.958004526793957e-06,0.0017529999968246557,0.00367174999701092,0.0023545839940197766,0.00010627297319099913,
P2P_smartphone,if-t100-s512-seed42,EVALUATED,False,40990,40990,0.007480748074807481,0.12318840579710146,0.006640142680751818,0.11189042207789174,0.5089161403449989,0.006733349597462796,34,242,4511,36203,22156,22156,0.006896551724137931,0.0761904761904762,0.009780197620488002,0.10223785176730868,0.4931578491040324,0.009478245170608413,16,194,2304,19642,83890,0.14589250000426546,0.04160037499968894,0.10000879199651536,0.03885829099453986,0.0017538495664623515,
P2P_smartphone,if-t100-s512-seed2026,EVALUATED,False,40990,40990,0.0070407040704070405,0.11149825783972125,0.0069968445602963366,0.1108561973290248,0.5065161497628704,0.007001707733593559,32,255,4513,36190,22156,22156,0.009913793103448277,0.08273381294964029,0.012855414398064126,0.10135058768669858,0.49240382124802695,0.012547391225853043,23,255,2297,19581,83890,0.13775687500310596,0.03786374999617692,0.08363795899640536,0.036994209003751166,0.0016697151563346798,
P2P_smartphone,if-t200-s2048-seed42,EVALUATED,False,40990,40990,0.007260726072607261,0.12222222222222222,0.006502949650157772,0.11065489971588596,0.5037679937564342,0.006586972432300561,33,237,4512,36208,22156,22156,0.01293103448275862,0.14218009478672985,0.009124823553135713,0.10272032563027954,0.4910171053500776,0.009523379671420834,30,181,2290,19655,83890,0.2973136250002426,0.06642487499630079,0.15428466699813725,0.08684850000281585,0.003919863693934639,
P2P_smartphone,if-t200-s2048-seed2026,EVALUATED,False,40990,40990,0.00814081408140814,0.1167192429022082,0.007682809713266566,0.11097895646302981,0.5044330101826207,0.007733593559404733,37,280,4508,36165,22156,22156,0.013793103448275862,0.13278008298755187,0.01053639846743295,0.10209274402858441,0.4873544422019178,0.010877414695793465,32,209,2288,19627,83890,0.32183879199874355,0.07381333299417747,0.15844908299914096,0.10233287500159349,0.004618743229896799,
P2P_smartphone,sgdocsvm-linear-v2,EVALUATED,False,40990,40990,0.005280528052805281,0.07384615384615385,0.008259020441761558,0.10077910840407672,0.4652915366992866,0.007928763112954379,24,301,4521,36144,22156,22156,0.00603448275862069,0.08917197452229299,0.007209114740875176,0.09519212567505926,0.46581574514466906,0.0070861166275500995,14,143,2306,19693,83890,0.03059275000123307,0.0020544579965644516,0.004102416001842357,0.0024649999977555126,0.00011125654440131398,
P2P_smartphone,sgdocsvm-rbf64-v2,EVALUATED,False,40990,40990,0.011661166116611662,0.15451895043731778,0.007957195774454657,0.11709552728438295,0.5138649299145857,0.008367894608441083,53,290,4492,36155,22156,22156,0.0125,0.09446254071661238,0.014014922363379714,0.10481675718360318,0.4996392726390888,0.013856291749413252,29,278,2291,19558,83890,0.06889641700399807,0.004311000004236121,0.009376041998621076,0.0053084999963175505,0.00023959649739653145,
P2P_smartphone,kmeans32-v2,EVALUATED,False,40990,40990,0.006160616061606161,0.0975609756097561,0.007106598984771574,0.11337203082295268,0.5179080009798209,0.007001707733593559,28,259,4517,36186,22156,22156,0.008620689655172414,0.10582010582010581,0.008519862875579754,0.10709234459218786,0.5109480824658754,0.008530420653547572,20,169,2300,19667,83890,0.0971369999970193,0.004798750000190921,0.00964354199822992,0.005404292001912836,0.00024392002175089528,
P2P_smartphone,kmeans128-v2,EVALUATED,False,40990,40990,0.00506050605060506,0.06705539358600583,0.008780353958018933,0.1150380694354075,0.5232664136217435,0.008367894608441083,23,320,4522,36125,22156,22156,0.01163793103448276,0.10588235294117647,0.011494252873563218,0.1067002239866165,0.5096720804562933,0.01150929770716736,27,228,2293,19608,83890,0.2969152919977205,0.007993624996743165,0.01960641599725932,0.011084208003012463,0.0005002801951170095,
P2P_smartphone,hgb100-leaf15-v2,EVALUATED,False,40990,40990,0.014521452145214522,0.21153846153846154,0.006749897105227055,0.14135487811784891,0.563616562232434,0.007611612588436204,66,246,4479,36199,22156,22156,0.02025862068965517,0.23979591836734693,0.007511595079653156,0.13872955639304801,0.5752297611969877,0.00884636215923452,47,149,2273,19687,98198,0.8106562499961001,0.021741874996223487,0.04347358299855841,0.0267365840045386,0.0012067423724742101,
P2P_smartphone,hgb200-leaf31-v2,EVALUATED,False,40990,40990,0.015401540154015401,0.2028985507246377,0.00754561668267252,0.14043924594879031,0.5573176000546961,0.008416686996828494,70,275,4475,36170,22156,22156,0.02456896551724138,0.228,0.009729784230691672,0.13201340728116678,0.5544566305776332,0.011283625203105253,57,193,2263,19643,98198,1.4703029580050497,0.05189425000571646,0.10478612500446616,0.06253187499532942,0.002822344962778905,
P2P_smartphone,rf100-depth12-v2,EVALUATED,True,40990,40990,0.02046204620462046,0.248,0.007737686925504184,0.15177836142811862,0.576970192286069,0.009148572822639669,93,282,4452,36163,22156,22156,0.020689655172413793,0.21145374449339208,0.009023996773543054,0.14542560400058607,0.5873663175974022,0.01024553168441957,48,179,2272,19657,98198,2.32608437500312,0.06949200000235578,0.16395149999880232,0.07445033299882198,0.0033602786152203456,
P2P_smartphone,lof20-full-v2,EVALUATED,False,40990,40990,0.011881188118811881,0.11134020618556702,0.011826039237206749,0.10859461009975889,0.49377038293759407,0.011832154183947305,54,431,4491,36014,22156,22156,0.00646551724137931,0.06072874493927125,0.011695906432748537,0.09945136075362626,0.48403625244244186,0.01114822170066799,15,232,2305,19604,83890,7.935350625004503,1.7903577079996467,3.889391374999832,2.1208284169988474,0.09572253191004006,
P2P_smartphone,lof50-full-v2,EVALUATED,False,40990,40990,0.01144114411441144,0.10810810810810811,0.011771162024969131,0.11139148251540174,0.5053092555791455,0.011734569407172482,52,429,4493,36016,22156,22156,0.00646551724137931,0.058365758754863814,0.012200040330711837,0.09892577460042239,0.4872970100513869,0.0115995667087922,15,242,2305,19594,83890,8.360012041994196,1.8370031250015018,4.015884166998148,2.2876841249963036,0.10325348099820832,
Phishing_desktop,standard-distance-v2,EVALUATED,False,850,850,0.0,0.0,0.01276595744680851,0.1441355924922437,0.4156077280508682,0.010588235294117647,0,9,145,696,2144,2144,0.014388489208633094,0.05825242718446602,0.0561667631731326,0.16379552781970172,0.4330564500339509,0.0480410447761194,6,97,411,1630,6902,2.125001628883183e-06,0.00012775000504916534,0.00014154199743643403,0.00028995799948461354,0.00013524160423722647,
Phishing_desktop,if-t100-s512-seed42,EVALUATED,False,850,850,0.0,0.0,0.015602836879432624,0.14392815122883723,0.4484079236977256,0.012941176470588235,0,11,145,694,2144,2144,0.014388489208633094,0.06060606060606061,0.05385060799073538,0.16416556211800074,0.45182452763903524,0.04617537313432836,6,93,411,1634,6902,0.07514741599879926,0.01608858299732674,0.01341616699937731,0.012046167001244612,0.005618548041625286,
Phishing_desktop,if-t100-s512-seed2026,EVALUATED,False,850,850,0.0,0.0,0.01702127659574468,0.1458165661205099,0.4533235509904622,0.01411764705882353,0,12,145,693,2144,2144,0.014388489208633094,0.05042016806722689,0.06543138390272148,0.16173552904926833,0.44122131362657413,0.05550373134328358,6,113,411,1614,6902,0.06237324999528937,0.01580850000027567,0.013342624995857477,0.01201316699734889,0.005603156248763475,
Phishing_desktop,if-t200-s2048-seed42,EVALUATED,False,850,850,0.0,0.0,0.028368794326241134,0.139042954337885,0.4327561751039374,0.023529411764705882,0,20,145,685,2144,2144,0.014388489208633094,0.03592814371257485,0.09322524609148813,0.164684450560309,0.4546225208599768,0.07789179104477612,6,161,411,1566,6902,0.12675333399965893,0.011355167000147048,0.015806875002454035,0.01609075000305893,0.007505013993964053,
Phishing_desktop,if-t200-s2048-seed2026,EVALUATED,False,850,850,0.0,0.0,0.02553191489361702,0.14607653448383542,0.45834678405478113,0.021176470588235293,0,18,145,687,2144,2144,0.014388489208633094,0.03636363636363636,0.09206716850028952,0.16404536365702954,0.4525250673809534,0.07695895522388059,6,159,411,1568,6902,0.13276016600138973,0.016170792005141266,0.01584954199643107,0.016004583005269524,0.0074648241629055615,
Phishing_desktop,sgdocsvm-linear-v2,EVALUATED,True,850,850,0.0,0.0,0.01276595744680851,0.15489695656296718,0.4467400342382,0.010588235294117647,0,9,145,696,2144,2144,0.009592326139088728,0.18181818181818182,0.010422698320787493,0.17669278054992474,0.4781916215724583,0.010261194029850746,4,18,413,1709,6902,0.0032916669952101074,0.00015737499779788777,0.00016350000078091398,0.00042258400208083913,0.00019710074723919735,
Phishing_desktop,sgdocsvm-rbf64-v2,EVALUATED,False,850,850,0.05517241379310345,0.16,0.059574468085106386,0.16413543775028633,0.42202005380288576,0.058823529411764705,8,42,137,663,2144,2144,0.050359712230215826,0.11229946524064172,0.09612044006948466,0.17667835454703654,0.4771543506364566,0.08722014925373134,21,166,396,1561,6902,0.007957125002576504,0.00018333300249651074,0.001281500000914093,0.0007250840062624775,0.00033819216710003614,
Phishing_desktop,kmeans32-v2,EVALUATED,False,850,850,0.0,0.0,0.028368794326241134,0.1409929762827612,0.43702616776718023,0.023529411764705882,0,20,145,685,2144,2144,0.011990407673860911,0.03731343283582089,0.07469600463231037,0.15521014274605602,0.41895470305863014,0.0625,5,129,412,1598,6902,0.018867584003601223,0.0002856249993783422,0.002018708000832703,0.0008394999968004413,0.00039155783432856403,
Phishing_desktop,kmeans128-v2,EVALUATED,False,850,850,0.013793103448275862,0.05555555555555555,0.04822695035460993,0.15649027342125743,0.49164098801663,0.042352941176470586,2,34,143,671,2144,2144,0.014388489208633094,0.03636363636363636,0.09206716850028952,0.16146015281897758,0.4457071285646642,0.07695895522388059,6,159,411,1568,6902,0.05930870799784316,0.0003219999998691492,0.0007152079997467808,0.0012054170001647435,0.0005622280784350483,
Phishing_desktop,hgb100-leaf15-v2,EVALUATED,False,850,850,0.2,0.6170212765957447,0.02553191489361702,0.47687822941519786,0.8204402054292003,0.05529411764705883,29,18,116,687,2144,2144,0.17266187050359713,0.72,0.016213086276780544,0.5756578581237157,0.8328410809279616,0.04664179104477612,72,28,345,1699,8525,0.137778458003595,0.0007450830016750842,0.0026117910019820556,0.003938082998502068,0.0018367924433311885,
Phishing_desktop,hgb200-leaf31-v2,EVALUATED,False,850,850,0.1724137931034483,0.5319148936170213,0.031205673758865248,0.46575955536416014,0.8154365370506235,0.05529411764705883,25,22,120,683,2144,2144,0.2422062350119904,0.6778523489932886,0.027793862188766647,0.5845868977129982,0.8211783786636008,0.06949626865671642,101,48,316,1679,8525,0.3940719579986762,0.0018887089972849935,0.0043440000008558854,0.011171041995112319,0.0052103740648844765,
Phishing_desktop,rf100-depth12-v2,EVALUATED,False,850,850,0.31724137931034485,0.5476190476190477,0.05390070921985816,0.5168363345285125,0.8313915382734165,0.0988235294117647,46,38,99,667,2144,2144,0.2949640287769784,0.7454545454545455,0.024319629415170817,0.5792909020108392,0.832485603873589,0.07695895522388059,123,42,294,1685,8525,0.3236124590039253,0.015903583000181243,0.01119220900000073,0.014910999998392072,0.006954757461936601,
Phishing_desktop,lof20-full-v2,EVALUATED,False,850,850,0.006896551724137931,0.03571428571428571,0.03829787234042553,0.14186966767867804,0.44513573000733675,0.03294117647058824,1,27,144,678,2144,2144,0.07913669064748201,0.39285714285714285,0.029530978575564564,0.27288005962564504,0.5676357582145054,0.03917910447761194,33,51,384,1676,6902,0.07288025000161724,0.002414540998870507,0.010533458997088019,0.024849290995916817,0.01159015438242389,
Phishing_desktop,lof50-full-v2,EVALUATED,False,850,850,0.027586206896551724,0.125,0.03971631205673759,0.135823574977978,0.41269748104671067,0.03764705882352941,4,28,141,677,2144,2144,0.0815347721822542,0.44155844155844154,0.024898668210770122,0.26973384048577626,0.5482858646493344,0.03591417910447761,34,43,383,1684,6902,0.09517374999995809,0.0033063750015571713,0.015459791000466794,0.03302312500454718,0.01540257696107611,
Phishing_smartphone-expanded,standard-distance-v2,EVALUATED,False,3708,3708,0.0,0.0,0.01182033096926714,0.19372250117544854,0.4891718172928118,0.009439050701186624,0,35,747,2926,4661,4661,0.0051387461459403904,0.10416666666666667,0.011659436008676789,0.2059106523606855,0.49591673113322166,0.010298219266251877,5,43,968,3645,13222,3.749999450519681e-06,0.00045295799645828083,0.00043300000106683,0.0005599169962806627,0.0001201280833041542,
Phishing_smartphone-expanded,if-t100-s512-seed42,EVALUATED,False,3708,3708,0.0,0.0,0.005403579871664978,0.1938096927514043,0.4956267714107584,0.004314994606256742,0,16,747,2945,4661,4661,0.0010277492291880781,0.023809523809523808,0.011117136659436009,0.20321726602449175,0.5066984837912131,0.009010941857970392,1,41,972,3647,13222,0.09548058299697004,0.013875083001039457,0.01113945800170768,0.013082917001156602,0.0028068905816684407,
Phishing_smartphone-expanded,if-t100-s512-seed2026,EVALUATED,False,3708,3708,0.0,0.0,0.008105369807497468,0.19025322856448879,0.4881005503495463,0.006472491909385114,0,24,747,2937,4661,4661,0.0,0.0,0.010845986984815618,0.19643565384387118,0.49593651697792684,0.008581849388543231,0,40,973,3648,13222,0.07634429199970327,0.01261579099809751,0.012105666995921638,0.013901792000979185,0.00298257712958146,
Phishing_smartphone-expanded,if-t200-s2048-seed42,EVALUATED,False,3708,3708,0.0013386880856760374,0.034482758620689655,0.009456264775413711,0.18980880124080957,0.4911222058107472,0.007820927723840345,1,28,746,2933,4661,4661,0.0051387461459403904,0.09090909090909091,0.013557483731019523,0.20313911368255025,0.5090141243063808,0.011800042909246944,5,50,968,3638,13222,0.1694107500006794,0.023974166993866675,0.024780208004813176,0.02412345899938373,0.005175597296585224,
Phishing_smartphone-expanded,if-t200-s2048-seed2026,EVALUATED,False,3708,3708,0.0,0.0,0.007767646065518406,0.18893429370230042,0.4879038839134542,0.006202804746494067,0,23,747,2938,4661,4661,0.0010277492291880781,0.023809523809523808,0.011117136659436009,0.19904865682403683,0.5002361761040501,0.009010941857970392,1,41,972,3647,13222,0.1874268339961418,0.026352000000770204,0.022990666999248788,0.02624683400063077,0.005631159407987722,
Phishing_smartphone-expanded,sgdocsvm-linear-v2,EVALUATED,False,3708,3708,0.004016064257028112,0.11538461538461539,0.007767646065518406,0.17656907175018943,0.45907642728970594,0.007011866235167206,3,23,744,2938,4661,4661,0.0051387461459403904,0.15151515151515152,0.007592190889370932,0.17602613167625825,0.42588306175635876,0.007080025745548166,5,28,968,3660,13222,0.006409749999875203,0.000491915998281911,0.0004560000015771948,0.0006919580046087503,0.00014845698446872997,
Phishing_smartphone-expanded,sgdocsvm-rbf64-v2,EVALUATED,False,3708,3708,0.0013386880856760374,0.0625,0.005065856129685917,0.19780662349223577,0.5048368640609947,0.004314994606256742,1,15,746,2946,4661,4661,0.003083247687564234,0.08108108108108109,0.009219088937093275,0.2098782392851044,0.5098330074706892,0.007938210684402489,3,34,970,3654,13222,0.01246641599573195,0.0008885420029400848,0.0009918329960783012,0.0012656250037252903,0.0002715350791086227,
Phishing_smartphone-expanded,kmeans32-v2,EVALUATED,False,3708,3708,0.0,0.0,0.0070921985815602835,0.19616729952221684,0.4812943092871316,0.0056634304207119745,0,21,747,2940,4661,4661,0.007194244604316547,0.125,0.013286334056399132,0.21202822323923642,0.5227239033068556,0.012014589143960523,7,49,966,3639,13222,0.03329712500271853,0.0011505000002216548,0.0010622080008033663,0.001334624997980427,0.000286338768071321,
Phishing_smartphone-expanded,kmeans128-v2,EVALUATED,False,3708,3708,0.0,0.0,0.009456264775413711,0.20430260150159832,0.48900544200894536,0.007551240560949299,0,28,747,2933,4661,4661,0.007194244604316547,0.1206896551724138,0.013828633405639914,0.2121059419604846,0.5257054350322036,0.012443681613387684,7,51,966,3637,13222,0.10547529199538985,0.001955415995325893,0.0017804999952204525,0.002309708004759159,0.0004955391557088948,
Phishing_smartphone-expanded,hgb100-leaf15-v2,EVALUATED,False,3708,3708,0.041499330655957165,0.47692307692307695,0.011482607227288078,0.2956368288505871,0.6195132889997454,0.017529665587918016,31,34,716,2927,4661,4661,0.024665981500513873,0.35294117647058826,0.01193058568329718,0.27414642708382553,0.5843148691458981,0.014589143960523493,24,44,949,3644,16580,0.21512279099988518,0.006009625001752283,0.005671582999639213,0.006557000000611879,0.0014067796611482255,
Phishing_smartphone-expanded,hgb200-leaf31-v2,EVALUATED,True,3708,3708,0.04551539491298527,0.4594594594594595,0.013508949679162444,0.2749738493942451,0.5923380564925468,0.019956850053937433,34,40,713,2921,4661,4661,0.029804727646454265,0.3815789473684211,0.01274403470715835,0.26301410158466687,0.5772577320851716,0.01630551383823214,29,47,944,3641,16580,0.6064518749990384,0.028211500000907108,0.025707791006425396,0.016902916999242734,0.003626457197863706,
Phishing_smartphone-expanded,rf100-depth12-v2,EVALUATED,False,3708,3708,0.0321285140562249,0.4897959183673469,0.008443093549476529,0.288431063092541,0.6120340870404957,0.013214670981661273,24,25,723,2936,4661,4661,0.02158273381294964,0.3181818181818182,0.01220173535791757,0.2597945436234117,0.5751908079981629,0.014160051491096332,21,45,952,3643,16580,0.41008258299552836,0.013556791003793478,0.013488332995621022,0.013561416999436915,0.0029095509546099366,
Phishing_smartphone-expanded,lof20-full-v2,EVALUATED,False,3708,3708,0.020080321285140562,0.2112676056338028,0.018912529550827423,0.23180949595613973,0.5618194945717803,0.019147788565264293,15,56,732,2905,4661,4661,0.0328879753340185,0.2711864406779661,0.023318872017353578,0.2349591273702185,0.5393905513952644,0.02531645569620253,32,86,941,3602,13222,0.2283995830002823,0.06070954199822154,0.06881958300073165,0.0816378329982399,0.017515089679948487,
Phishing_smartphone-expanded,lof50-full-v2,EVALUATED,False,3708,3708,0.008032128514056224,0.17142857142857143,0.009793988517392773,0.2276082424498555,0.5584537858741054,0.009439050701186624,6,29,741,2932,4661,4661,0.02774922918807811,0.3375,0.014370932754880694,0.23947055591876532,0.5520773186223256,0.017163698777086463,27,53,946,3635,13222,0.26743004099989776,0.07031262500095181,0.0815804170051706,0.09912420799810207,0.021266725594958607,
online-shop,standard-distance-v2,EVALUATED,False,3121,0,,,,,,0.0067286126241589235,,,,,4327,0,,,,,,0.010168708111855789,,,,,5658,2.2089952835813165e-06,0.00022483400243800133,0.000243875001615379,0.00035908399877371266,8.298682661745151e-05,
online-shop,if-t100-s512-seed42,EVALUATED,False,3121,0,,,,,,0.01025312399871836,,,,,4327,0,,,,,,0.010168708111855789,,,,,5658,0.06540554200182669,0.013814042002195492,0.015820624998013955,0.016012125000997912,0.0037005142133112808,
online-shop,if-t100-s512-seed2026,EVALUATED,False,3121,0,,,,,,0.010893944248638257,,,,,4327,0,,,,,,0.01086202911948232,,,,,5658,0.058396583001012914,0.01242912500310922,0.014260584001021925,0.0159639999983483,0.0036893921882015946,
online-shop,if-t200-s2048-seed42,EVALUATED,False,3121,0,,,,,,0.010893944248638257,,,,,4327,0,,,,,,0.012248671134735382,,,,,5658,0.14341895899997326,0.014563165997969918,0.030422875002841465,0.030602792001445778,0.007072519528875844,
online-shop,if-t200-s2048-seed2026,EVALUATED,False,3121,0,,,,,,0.00993271387375841,,,,,4327,0,,,,,,0.01086202911948232,,,,,5658,0.13571424999827286,0.028643416000704747,0.028817999998864252,0.02891487500164658,0.006682430090512267,
online-shop,sgdocsvm-linear-v2,EVALUATED,False,3121,0,,,,,,0.0,,,,,4327,0,,,,,,0.0,,,,,5658,0.002362916995480191,0.0002626670029712841,0.00045720900379819795,0.0004114579933229834,9.509082350889378e-05,
online-shop,sgdocsvm-rbf64-v2,EVALUATED,False,3121,0,,,,,,0.012175584748478052,,,,,4327,0,,,,,,0.013173099144904091,,,,,5658,0.004728708001493942,0.004440374999830965,0.0006820420021540485,0.0009942920005414635,0.00022978784389680228,
online-shop,kmeans32-v2,EVALUATED,False,3121,0,,,,,,0.010573534123678308,,,,,4327,0,,,,,,0.011324243124566674,,,,,5658,0.01311458300187951,0.001741958003549371,0.0007414170031552203,0.0010081669970531948,0.00023299445275091167,
online-shop,kmeans128-v2,EVALUATED,False,3121,0,,,,,,0.011534764498558154,,,,,4327,0,,,,,,0.01548416917032586,,,,,5658,0.040909667004598305,0.0010314159953850321,0.0013021669947193004,0.0019281669956399128,0.0004456128947630952,
online-shop,hgb100-leaf15-v2,SKIPPED,False,,,,,,,,,,,,,,,,,,,,,,,,,,,,,,,training_requires_both_task_classes
online-shop,hgb200-leaf31-v2,SKIPPED,False,,,,,,,,,,,,,,,,,,,,,,,,,,,,,,,training_requires_both_task_classes
online-shop,rf100-depth12-v2,SKIPPED,False,,,,,,,,,,,,,,,,,,,,,,,,,,,,,,,training_requires_both_task_classes
online-shop,lof20-full-v2,EVALUATED,False,3121,0,,,,,,0.011214354373598205,,,,,4327,0,,,,,,0.014097527155072799,,,,,5658,0.0465113750033197,0.013227625000581611,0.03125854200334288,0.03082833300140919,0.007124643633327754,
online-shop,lof50-full-v2,EVALUATED,False,3121,0,,,,,,0.014738865748157642,,,,,4327,0,,,,,,0.010630922116940143,,,,,5658,0.0675603339986992,0.03194370900018839,0.031854583001404535,0.04536970800108975,0.010485257222345678,
rba,standard-distance-v2,VALIDATED,False,4686609,4231623,0.0,,0.0,8.04241546270173e-06,0.8876117569241262,0.0,0,0,6,4231617,,,,,,,,,,,,,14146289,8.209004590753466e-06,0.2677902499999618,0.2947582499982673,,,
rba,if-t100-s512-seed42,VALIDATED,False,4686609,4231623,0.5,0.0001189390635531063,0.0059598966541631725,0.00014703229235305966,0.7257565488559101,0.005652274384314971,3,25220,3,4206397,,,,,,,,,,,,,14146289,2.7767712920031045,12.766120833002788,13.43032787500124,,,
rba,if-t100-s512-seed2026,VALIDATED,False,4686609,4231623,0.5,0.00011856301624313323,0.005978801956793349,0.00030199197616800536,0.7085962844305932,0.005696442779843593,3,25300,3,4206317,,,,,,,,,,,,,14146289,2.619779250002466,12.600586041000497,13.436450624998542,,,
rba,if-t200-s2048-seed42,VALIDATED,False,4686609,4231623,0.5,0.00011349449551696743,0.006245839356444593,0.00033110395826204514,0.7046034845150999,0.006151142542507813,3,26430,3,4205187,,,,,,,,,,,,,14146289,5.025329000003694,24.019019416002266,22.15241666699876,,,
rba,if-t200-s2048-seed2026,VALIDATED,False,4686609,4231623,0.5,0.00011349878934624698,0.006245603040161716,0.00021288424813313572,0.7045197694718907,0.006087557122857913,3,26429,3,4205188,,,,,,,,,,,,,14146289,4.771205750002991,24.068597292003687,23.735310500000196,,,
rba,sgdocsvm-linear-v2,VALIDATED,False,4686609,4231623,0.0,0.0,0.008714871879945657,9.565148480177571e-07,0.04618242466965544,0.009907163153572231,0,36878,6,4194739,,,,,,,,,,,,,14146289,3.0020807920009247,0.29016991699609207,0.30078887499985285,,,
rba,sgdocsvm-rbf64-v2,VALIDATED,False,4686609,4231623,0.5,8.089742206881674e-05,0.00876284408536973,0.0003855368577909097,0.9049438823661656,0.009098476105004706,3,37081,3,4194536,,,,,,,,,,,,,14146289,9.869396333000623,0.8015708749953774,0.8768636669992702,,,
rba,kmeans32-v2,VALIDATED,False,4686609,4231623,0.5,0.00010756929255261931,0.006589915864313807,0.00010472696515655201,0.5181280583757935,0.006277246512350401,3,27886,3,4203731,,,,,,,,,,,,,14146289,5.745596875000047,0.7622637910026242,0.8426518749984098,,,
rba,kmeans128-v2,VALIDATED,False,4686609,4231623,0.3333333333333333,7.333797807194455e-05,0.0064441087177785706,5.870805445489293e-05,0.5190394515067566,0.006349580261549448,2,27269,4,4204348,,,,,,,,,,,,,14146289,12.242608749998908,1.5280921250014217,1.6463832079971326,,,
rba,hgb100-leaf15-v2,VALIDATED,False,4686609,4231623,0.16666666666666666,0.0001680672268907563,0.0014058455668365072,0.002232397412000493,0.9418143623741626,0.0015307442972093469,1,5949,5,4225668,,,,,,,,,,,,,14146396,58.02411312500044,6.620414167002309,6.193717583999387,,,
rba,hgb200-leaf31-v2,VALIDATED,False,4686609,4231623,0.16666666666666666,0.00034698126301179735,0.0006808272109692347,0.000498789312725643,0.9533569948950168,0.0007497958545293622,1,2881,5,4228736,,,,,,,,,,,,,14146396,119.04956479099928,14.83379758400406,13.757986041004187,,,
rba,rf100-depth12-v2,NOT_COMPLETED,False,,,,,,,,,,,,,,,,,,,,,,,,,,,,,,,
rba,lof20-full-v2,NOT_COMPLETED,False,,,,,,,,,,,,,,,,,,,,,,,,,,,,,,,
rba,lof50-full-v2,NOT_COMPLETED,False,,,,,,,,,,,,,,,,,,,,,,,,,,,,,,,
